SALE TYPE,SOLD DATE,PROPERTY TYPE,ADDRESS,CITY,STATE OR PROVINCE,ZIP OR POSTAL CODE,PRICE,BEDS,BATHS,LOCATION,SQUARE FEET,LOT SIZE,YEAR BUILT,DAYS ON MARKET,$/SQUARE FEET,HOA/MONTH,STATUS,NEXT OPEN HOUSE START TIME,NEXT OPEN HOUSE END TIME,URL (SEE http://www.redfin.com/buy-a-home/comparative-market-analysis FOR INFO ON PRICING),SOURCE,MLS#,FAVORITE,INTERESTED,LATITUDE,LONGITUDE
MLS Listing,,Multi-Family (2-4 Unit),3935 N 100th St,Milwaukee,WI,53222,219000,,,Milwaukee,3150,6098,1957,1,70,,Active,,,http://www.redfin.com/WI/Milwaukee/3935-N-100th-St-53222/home/90209797,METROMLS,1673548,N,Y,43.0885476,-88.0380281
MLS Listing,,Multi-Family (2-4 Unit),5607 W Burnham St #5609,West Allis,WI,53219,159900,4,2,West Allis,1703,3484,1977,2,94,,Active,,,http://www.redfin.com/WI/West-Allis/5607-W-Burnham-St-53219/unit-5609/home/145467167,METROMLS,1674192,N,Y,43.0099972,-87.9830074
MLS Listing,,Multi-Family (2-4 Unit),3624 N 86th St Unit 3264A,Milwaukee,WI,53222,115000,6,2,Milwaukee,2860,5227,1955,2,40,,Active,,,http://www.redfin.com/WI/Milwaukee/3624-N-86th-St-53222/unit-3264A/home/170405534,METROMLS,1674170,N,Y,43.083927,-88.019755
MLS Listing,,Multi-Family (2-4 Unit),2960 S Delaware St #2958,Milwaukee,WI,53207,279000,6,2,Milwaukee,2204,3484,1909,3,127,,Active,,,http://www.redfin.com/WI/Milwaukee/2960-S-Delaware-Ave-53207/unit-2958/home/112348739,METROMLS,1674017,N,Y,42.9902814,-87.8808048
MLS Listing,,Multi-Family (2-4 Unit),623 E Potter Ave,Milwaukee,WI,53207,186000,4,2,Milwaukee,1736,3484,1899,9,107,,Active,,,http://www.redfin.com/WI/Milwaukee/623-E-Potter-Ave-53207/home/90237963,METROMLS,1673338,N,Y,42.996234,-87.9009431
MLS Listing,,Multi-Family (5+ Unit),5901 W Burnham St #5915,West Allis,WI,53219,244900,,,West Allis,,3484,1928,10,,,Active,,,http://www.redfin.com/WI/West-Allis/5901-W-Burnham-St-53219/unit-5915/home/170304691,METROMLS,1673184,N,Y,43.010057,-87.9863366
MLS Listing,,Multi-Family (5+ Unit),3006 N 124th St,Wauwatosa,WI,53222,829900,,,Wauwatosa,,13503,1967,13,,,Active,,,http://www.redfin.com/WI/Wauwatosa/3006-N-124th-St-53222/home/90305257,METROMLS,1672819,N,Y,43.073034,-88.0662173
MLS Listing,,Multi-Family (2-4 Unit),8423 W Keefe Ave #8425,Milwaukee,WI,53222,163900,4,2,Milwaukee,2344,6098,1956,38,70,,Active,,,http://www.redfin.com/WI/Milwaukee/8423-W-Keefe-Ave-53222/unit-8425/home/146369097,METROMLS,1670684,N,Y,43.0821929,-88.018325
MLS Listing,,Multi-Family (2-4 Unit),3817 N 77th St #3819,Milwaukee,WI,53222,137500,6,2,Nash Park,2080,4791,1955,66,66,,Active,,,http://www.redfin.com/WI/Milwaukee/3817-N-77th-St-53222/unit-3819/home/90353257,METROMLS,1668432,N,Y,43.0867205,-88.0089174
MLS Listing,,Multi-Family (2-4 Unit),3834 S Brust Ave,Milwaukee,WI,53207,310000,,,Milwaukee,2542,6534,1951,70,122,,Active,,,http://www.redfin.com/WI/Milwaukee/3834-S-Brust-Ave-53207/home/90378523,METROMLS,1668134,N,Y,42.974782,-87.8892144
MLS Listing,,Multi-Family (2-4 Unit),4802A W Cleveland Ave Unit 4802B,Milwaukee,WI,53219,208500,4,2,Milwaukee,1860,6534,1947,81,112,,Active,,,http://www.redfin.com/WI/Milwaukee/4802A-W-Cleveland-Ave-53219/unit-4802B/home/169650248,METROMLS,1666754,N,Y,42.9959499,-87.9741999
MLS Listing,,Multi-Family (2-4 Unit),4033 W Howard Ave #4035,Greenfield,WI,53221,249000,4,2,Greenfield,2708,8712,1990,89,92,,Active,,,http://www.redfin.com/WI/Greenfield/4033-W-Howard-Ave-53221/unit-4035/home/167421692,METROMLS,1665742,N,Y,42.9736431,-87.9656014
MLS Listing,,Multi-Family (2-4 Unit),3057 N 121st St,Wauwatosa,WI,53222,429900,,,Wauwatosa,,20473,1956,90,,,Active,,,http://www.redfin.com/WI/Wauwatosa/3057-N-121st-St-53222/home/90333587,METROMLS,1665630,N,Y,43.0741921,-88.0641489
MLS Listing,,Multi-Family (2-4 Unit),4253 N 84th St #4255,Milwaukee,WI,53222,139900,4,2,Milwaukee,1753,5227,1955,109,80,,Active,,,http://www.redfin.com/WI/Milwaukee/4253-N-84th-St-53222/unit-4255/home/58069044,METROMLS,1662958,N,Y,43.0946457,-88.0178798
MLS Listing,,Multi-Family (2-4 Unit),5508 W Rogers St,West Allis,WI,53219,84900,4,2,West Allis,1496,3484,1926,120,57,,Active,,,http://www.redfin.com/WI/West-Allis/5508-W-Rogers-St-53219/home/90336296,METROMLS,1661399,N,Y,43.008605,-87.981937
MLS Listing,,Multi-Family (2-4 Unit),6324 W Euclid Ave #6326,Milwaukee,WI,53219,185000,6,2,Milwaukee,952,6969,1953,141,194,,Active,,,http://www.redfin.com/WI/Milwaukee/6324-W-Euclid-Ave-53219/unit-6326/home/168934002,METROMLS,1657841,N,Y,42.986833,-87.9907939
MLS Listing,,Multi-Family (2-4 Unit),5613 W Rogers St,West Allis,WI,53219,147000,6,2,West Allis,1584,3484,1912,147,93,,Active,,,http://www.redfin.com/WI/West-Allis/5613-W-Rogers-St-53219/home/90311611,METROMLS,1656789,N,Y,43.0081119,-87.983228
MLS Listing,,Multi-Family (2-4 Unit),1430 E Russell Ave Unit -1434,Milwaukee,WI,53207,499500,,,Milwaukee,3000,5227,1990,166,167,,Active,,,http://www.redfin.com/WI/Milwaukee/1430-E-Russell-Ave-53207/unit-1434/home/58066041,METROMLS,1652768,N,Y,42.9987549,-87.890789
MLS Listing,,Multi-Family (5+ Unit),3287 S Kinnickinnic Ave,Milwaukee,WI,53207,649900,,,Milwaukee,,6969,1928,187,,,Active,,,http://www.redfin.com/WI/Milwaukee/3287-S-Kinnickinnic-Ave-53207/home/90243705,METROMLS,1649791,N,Y,42.9849394,-87.8820628
MLS Listing,,Multi-Family (2-4 Unit),2203 S 5th Pl,Milwaukee,WI,53207,105900,,,Milwaukee,2608,3049,1903,234,41,,Active,,,http://www.redfin.com/WI/Milwaukee/2203-S-5th-Pl-53207/home/58054955,METROMLS,1640975,N,Y,43.0045451,-87.9179857
For-Sale-by-Owner Listing,,Multi-Family (2-4 Unit),3203 S Illinois Ave,Milwaukee,WI,53207,330000,4,2,Milwaukee,1810,,1910,247,182,,Active,,,http://www.redfin.com/WI/Milwaukee/3203-S-Illinois-Ave-53207/home/90244784,Fizber.com,5017565,N,Y,42.9864206,-87.8749885